Feedback,Class
"The teacher explained the topic very clearly",Positive
"I really enjoyed this class",Positive
"The lectures were interesting and useful",Positive
"The professor was very helpful",Positive
"The course content was excellent",Positive
"I learned many new things from this course",Positive
"The classroom environment was comfortable",Positive
"The teacher answered all my questions",Positive
"The assignments were helpful for learning",Positive
"The practical sessions were excellent",Positive
"I am very satisfied with the course",Positive
"The teaching method was effective",Positive
"The instructor explained everything well",Positive
"The course was organized and informative",Positive
"I had a great learning experience",Positive
"The teacher did not explain the topics properly",Negative
"The lectures were boring and confusing",Negative
"I did not understand the course content",Negative
"The professor was not helpful",Negative
"The assignments were too difficult",Negative
"The classroom environment was uncomfortable",Negative
"The teacher ignored my questions",Negative
"The practical sessions were poorly organized",Negative
"I am disappointed with this course",Negative
"The teaching method was ineffective",Negative
"The instructor explained everything poorly",Negative
"The course was badly organized",Negative
"The lectures were too long and boring",Negative
"I had a bad learning experience",Negative
"The course content was confusing",Negative
