MessageID,Message,Class
M01,The professor explains concepts with remarkable clarity and patience,Positive
M02,Terrible experience lab computers are slow and constantly crashing,Negative
M03,Excellent practical demonstrations and insightful project guidance,Positive
M04,Extremely boring lectures with completely outdated syllabus slides,Negative
M05,Great interactive doubt clearing sessions and friendly staff support,Positive
M06,Rude behavior from lab assistant and useless lab manuals,Negative
M07,Well organized course curriculum with great real world relevance,Positive
M08,Very confusing explanations and impossible exam evaluation criteria,Negative
M09,Thoroughly enjoyed the hands on programming exercises and feedback,Positive
M10,Disorganized schedule and frequent last minute class cancellations,Negative
M11,Inspiring teacher with immense knowledge and supportive guidance,Positive
M12,Dull monotonous voice and zero practical implementation taught,Negative
M13,Outstanding learning environment and highly encouraging faculty,Positive
M14,Poor guidance for final semester project work and delayed marks,Negative
M15,The assignments were challenging interesting and highly educational,Positive
M16,Worst course structure and terribly disorganized lab instructions,Negative
M17,Fantastic coverage of algorithms and real world applications,Positive
M18,Frustrating grading system with biased evaluation marks,Negative
M19,Engaging presentation skills and clear step by step tutorials,Positive
M20,Complete waste of time reading directly from textbook without examples,Negative
M21,Comprehensive lecture notes and prompt doubt resolution online,Positive
M22,Unfair penalties on late submissions without any prior notice,Negative
M23,Helpful code walkthroughs and regular interactive quizzes,Positive
M24,Strict attendance policy with zero flexibility for medical issues,Negative
M25,Highly motivating lectures with industry case study examples,Positive
